DROP DATABASE IF EXISTS `agenda`;
CREATE DATABASE IF NOT EXISTS `agenda`;
USE `agenda`;

-- Structuur van  tabel agenda.users wordt geschreven
CREATE TABLE IF NOT EXISTS `users`
(
    `id`         int(10) unsigned                                              NOT NULL AUTO_INCREMENT,
    `email`      varchar(255) CHARACTER SET utf8mb4 COLLATE utf8mb4_general_ci NOT NULL,
    `password`   varchar(255) CHARACTER SET utf8mb4 COLLATE utf8mb4_general_ci NOT NULL,
    `name`       varchar(100) CHARACTER SET utf8mb4 COLLATE utf8mb4_general_ci NOT NULL,
    `role`       varchar(25) CHARACTER SET utf8mb4 COLLATE utf8mb4_general_ci           DEFAULT NULL,
    `created_at` TIMESTAMP                                                     NOT NULL DEFAULT CURRENT_TIMESTAMP,
    `updated_at` TIMESTAMP                                                              DEFAULT CURRENT_TIMESTAMP ON UPDATE CURRENT_TIMESTAMP,
    `deleted_at` timestamp                                                     NULL     DEFAULT NULL,
    PRIMARY KEY (`id`),
    UNIQUE KEY `email` (`email`)
) ENGINE = InnoDB
  AUTO_INCREMENT = 91
  DEFAULT CHARSET = utf8mb4
  COLLATE = utf8mb4_general_ci;


INSERT INTO `users` (`id`, `email`, `password`, `name`, `role`, `created_at`, `updated_at`, `deleted_at`)
VALUES (61, 'suus.vanhaspengouw@hotmail.nl', '$2y$10$Iu/2Iftpnmq0yZmnMuZCJuejLk92l97EU8KgUSZSZqSOG3ymtuE4O',
        'Britt Kallen', 'user', '2023-09-07 07:27:24', '2023-09-07 07:27:24', NULL),
       (62, 'vandeberg.sophia@sambo.com', '$2y$10$mhg7mDVeRC8kK/N25Kzrk.g6Q2lvLkq4LVOouF6O.192BSqiS.bMm',
        'Marijn Gerritsen Bsc', 'admin', '2023-09-07 07:27:24', '2023-09-07 07:27:24', NULL);


DROP TABLE IF EXISTS `klanten`;
CREATE TABLE IF NOT EXISTS `klanten`
(
    `id`            int(10) unsigned NOT NULL AUTO_INCREMENT,
    `voornaam`      varchar(50)      NOT NULL,
    `tussenvoegsel` varchar(20) DEFAULT NULL,
    `achternaam`    varchar(50)      NOT NULL,
    `telefoonnr`    varchar(15)      NOT NULL,
    PRIMARY KEY (`id`)
) ENGINE = InnoDB
  AUTO_INCREMENT = 258
  DEFAULT CHARSET = utf8
  COLLATE = utf8_general_ci;

INSERT INTO `klanten` (`id`, `voornaam`, `tussenvoegsel`, `achternaam`, `telefoonnr`)
VALUES (157, 'Geoffrey', NULL, 'Jakubowski', '06-52828334'),
       (158, 'Karl', NULL, 'Farrell', '06-49981910'),
       (159, 'Virginie', NULL, 'Ferry', '06-94221761'),
       (160, 'Herminio', NULL, 'Rodriguez', '06-62343522'),
       (161, 'Tremayne', NULL, 'Dickinson', '06-40405222'),
       (162, 'Birdie', NULL, 'Klocko', '06-73778376'),
       (163, 'Wilfrid', NULL, 'Walsh', '06-6084962'),
       (164, 'Kristin', NULL, 'Schaefer', '06-90263375'),
       (165, 'Xavier', NULL, 'Gleason', '06-38042885'),
       (166, 'Willis', NULL, 'Schultz', '06-71506249'),
       (167, 'Hilbert', NULL, 'King', '06-59781712'),
       (168, 'Paolo', NULL, 'Orn', '06-25466823'),
       (169, 'Vivian', NULL, 'Marks', '06-63285376'),
       (170, 'Margarett', NULL, 'Hettinger', '06-21153610'),
       (171, 'Karina', NULL, 'Heathcote', '06-32370412'),
       (172, 'Grace', NULL, 'Stracke', '06-95122984'),
       (173, 'Zion', NULL, 'Langosh', '06-1071340'),
       (174, 'Fanny', NULL, 'Hamill', '06-50195915'),
       (175, 'Kristy', NULL, 'Walsh', '06-45416870'),
       (176, 'Carolanne', NULL, 'Zulauf', '06-53192411'),
       (177, 'Nathan', NULL, 'Zboncak', '06-74990771'),
       (178, 'Colleen', NULL, 'West', '06-51192266'),
       (179, 'Lucie', NULL, 'Ledner', '06-51101951'),
       (180, 'Nikolas', NULL, 'Kuvalis', '06-28672701'),
       (181, 'Electa', NULL, 'Beer', '06-19727503'),
       (182, 'Valentina', NULL, 'Strosin', '06-35634573'),
       (183, 'Otis', NULL, 'Hilpert', '06-59507692'),
       (184, 'Zula', NULL, 'Upton', '06-7049736'),
       (185, 'Beulah', NULL, 'Bins', '06-97934977'),
       (186, 'Jarrell', NULL, 'Schroeder', '06-9941125'),
       (187, 'Krystel', NULL, 'Jones', '06-77559031'),
       (188, 'Perry', NULL, 'Davis', '06-30740590'),
       (189, 'Quincy', NULL, 'Schmeler', '06-33027097'),
       (190, 'Wendy', NULL, 'Schmidt', '06-95514253'),
       (191, 'Nannie', NULL, 'Fadel', '06-56986140'),
       (192, 'Elza', NULL, 'Pfeffer', '06-15687421'),
       (193, 'Spencer', NULL, 'Lynch', '06-16112825'),
       (194, 'Mafalda', NULL, 'Crist', '06-65222188'),
       (195, 'Xavier', NULL, 'Kautzer', '06-96309419'),
       (196, 'Xavier', NULL, 'Gulgowski', '06-93027136'),
       (197, 'Pearline', NULL, 'Wunsch', '06-83054835'),
       (198, 'Monty', NULL, 'Carter', '06-58271137'),
       (199, 'Carolanne', NULL, 'Williamson', '06-42188389'),
       (200, 'Marina', NULL, 'Rau', '06-84187699'),
       (201, 'Tyrel', NULL, 'Ziemann', '06-83201981'),
       (202, 'Shaniya', NULL, 'Boyer', '06-61357379'),
       (203, 'Tyree', NULL, 'Towne', '06-68172414'),
       (204, 'Ryder', NULL, 'Waters', '06-68434359'),
       (205, 'Pamela', NULL, 'Bradtke', '06-58145396'),
       (206, 'Laverna', NULL, 'O\'Conner', '06-69202477'),
       (207, 'Kiera', NULL, 'Krajcik', '06-56150526'),
       (208, 'Carole', NULL, 'Simonis', '06-22202777'),
       (209, 'Arjun', NULL, 'Altenwerth', '06-89598894'),
       (210, 'Belle', NULL, 'Schaden', '06-92185666'),
       (211, 'Lelah', NULL, 'Kilback', '06-32992214'),
       (212, 'Ellsworth', NULL, 'Stracke', '06-92679285'),
       (213, 'Pat', NULL, 'Connelly', '06-38539569'),
       (214, 'Herminia', NULL, 'Dooley', '06-35302411'),
       (215, 'Jerome', NULL, 'Wisozk', '06-57087291'),
       (216, 'Arianna', NULL, 'Stamm', '06-69788051'),
       (217, 'Dixie', NULL, 'Haag', '06-60492663'),
       (218, 'Lucious', NULL, 'Swaniawski', '06-60214356'),
       (219, 'Rickey', NULL, 'Veum', '06-59760532'),
       (220, 'Monty', NULL, 'Hirthe', '06-68314491'),
       (221, 'Berenice', NULL, 'Witting', '06-62258486'),
       (222, 'Phoebe', NULL, 'Stamm', '06-46105260'),
       (223, 'Annabell', NULL, 'Morissette', '06-45103281'),
       (224, 'Isom', NULL, 'Barrows', '06-21067362'),
       (225, 'Benjamin', NULL, 'Romaguera', '06-74548065'),
       (226, 'Skye', NULL, 'Schoen', '06-80373764'),
       (227, 'Johnny', NULL, 'Heathcote', '06-21537477'),
       (228, 'Sallie', NULL, 'Howell', '06-28061901'),
       (229, 'Carli', NULL, 'Watsica', '06-87603093'),
       (230, 'Carmine', NULL, 'Nikolaus', '06-68597041'),
       (231, 'Norma', NULL, 'Weber', '06-63999016'),
       (232, 'Norbert', NULL, 'Cassin', '06-22887044'),
       (233, 'Isaac', NULL, 'Walker', '06-11586150'),
       (234, 'Zander', NULL, 'Gibson', '06-61092951'),
       (235, 'Mckenna', NULL, 'Berge', '06-70075172'),
       (236, 'Ida', NULL, 'Nitzsche', '06-52762452'),
       (237, 'Antone', NULL, 'Beatty', '06-31964387'),
       (238, 'Margot', NULL, 'Powlowski', '06-15103091'),
       (239, 'Misael', NULL, 'Marquardt', '06-69523319'),
       (240, 'Ofelia', NULL, 'Erdman', '06-32362564'),
       (241, 'Rashad', NULL, 'Cronin', '06-30996036'),
       (242, 'Chandler', NULL, 'Howe', '06-27293886'),
       (243, 'Izaiah', NULL, 'Walsh', '06-55687503'),
       (244, 'Edgar', NULL, 'Zieme', '06-75760406'),
       (245, 'Cordell', NULL, 'Pouros', '06-57845760'),
       (246, 'Aliyah', NULL, 'Predovic', '06-10788944'),
       (247, 'Hildegard', NULL, 'Mertz', '06-51093997'),
       (248, 'Haskell', NULL, 'Cassin', '06-24265273'),
       (249, 'Aubrey', NULL, 'Romaguera', '06-44285984'),
       (250, 'Wade', NULL, 'Ankunding', '06-59067842'),
       (251, 'Monroe', NULL, 'Johnston', '06-93714776'),
       (252, 'Stevie', NULL, 'Rempel', '06-84868143'),
       (253, 'Margret', NULL, 'Hoppe', '06-31594911'),
       (254, 'Cleora', NULL, 'Medhurst', '06-607088'),
       (255, 'Rhiannon', NULL, 'Quigley', '06-95346772'),
       (256, 'Guy', NULL, 'Gislason', '06-61559480'),
       (257, 'Myrtis', NULL, 'Breitenberg', '06-79194966');



DROP TABLE IF EXISTS `afspraken`;
CREATE TABLE IF NOT EXISTS `afspraken`
(
    `id`        int(10) unsigned NOT NULL AUTO_INCREMENT,
    `van`       datetime         NOT NULL,
    `tot`       datetime         NOT NULL,
    `klant_id`  int(10) unsigned NOT NULL,
    `opmerking` varchar(255) DEFAULT NULL,
    PRIMARY KEY (`id`),
    KEY `FK_afspraken_klanten` (`klant_id`),
    CONSTRAINT `FK_afspraken_klanten` FOREIGN KEY (`klant_id`) REFERENCES `klanten` (`id`)
) ENGINE = InnoDB
  AUTO_INCREMENT = 101
  DEFAULT CHARSET = utf8
  COLLATE = utf8_general_ci;

INSERT INTO `afspraken` (`id`, `van`, `tot`, `klant_id`, `opmerking`)
VALUES (1, '2017-12-18 01:24:00', '2017-12-18 01:39:00', 158,
        'Enim sed alias et accusamus. Placeat earum quibusdam doloremque enim mollitia. Cumque at inventore aut ut rem qui. Quae minus placeat est repellendus sunt et.'),
       (2, '2018-06-29 20:30:00', '2018-06-29 20:45:00', 159,
        'Illum magni tempore accusantium consequuntur error. Quo ea dicta quis commodi consequatur animi. Nihil id pariatur sint magni fugit explicabo. In dolore ex voluptatem.'),
       (3, '2018-05-17 15:30:00', '2018-05-17 15:45:00', 160,
        'Esse voluptas cumque similique. In dolorum in minima voluptatem tempore. Occaecati non quas saepe pariatur dicta eos ullam minima. Expedita facilis consectetur beatae nobis modi debitis.'),
       (4, '2018-01-22 08:09:00', '2018-01-22 08:24:00', 161,
        'Labore aut nulla debitis et esse. Assumenda esse enim eum esse. Fugiat a non aut illo officiis quia.'),
       (5, '2018-05-25 03:30:00', '2018-05-25 03:45:00', 162,
        'Eveniet non quo perspiciatis iure et. Occaecati sunt et repudiandae. Nesciunt officiis autem quaerat quis quam excepturi quisquam. Quaerat quidem sed accusamus magni enim nostrum.'),
       (6, '2017-12-02 17:45:00', '2017-12-02 18:00:00', 163,
        'Qui ut error culpa exercitationem. Iure necessitatibus nam laborum dolores est.'),
       (7, '2017-11-26 18:19:00', '2017-11-26 18:34:00', 164,
        'Molestias illo delectus et ipsum. Neque veniam quas maxime doloremque quia sint. Quia et consequatur quae natus quis odio nisi.'),
       (8, '2018-07-29 03:56:00', '2018-07-29 04:11:00', 165,
        'At corrupti excepturi optio illum ut iusto amet qui. Autem enim dicta et eligendi.'),
       (9, '2018-05-02 00:03:00', '2018-05-02 00:18:00', 166,
        'Deleniti excepturi dolores mollitia odio. Aliquid aliquid rerum nulla sunt. Magnam debitis incidunt quam ullam.'),
       (10, '2018-03-09 13:51:00', '2018-03-09 14:06:00', 167,
        'Voluptatem dolores dolores ea. Itaque animi soluta omnis delectus. Maiores adipisci sunt doloremque ea.'),
       (11, '2018-05-31 12:39:00', '2018-05-31 12:54:00', 168,
        'Nihil aliquam soluta vel atque optio sequi. Laborum ut ex voluptatem harum. Molestiae numquam veniam aperiam dolor ullam dolor aut.'),
       (12, '2018-09-05 17:53:00', '2018-09-05 18:08:00', 169,
        'Quasi nulla vitae odit. Quia voluptatem est ipsa. Incidunt consequuntur vero molestiae.'),
       (13, '2018-05-01 06:15:00', '2018-05-01 06:30:00', 170,
        'Accusamus omnis sunt magnam. Dolore magni et sapiente rerum beatae. Perferendis consectetur repudiandae et voluptatibus corporis nostrum. Maxime quam sapiente sed amet asperiores nisi.'),
       (14, '2017-11-03 04:47:00', '2017-11-03 05:02:00', 171,
        'Magnam dolorem sed dolor est numquam veniam dolor. Sed sint ut enim voluptatem. Aliquam accusamus exercitationem dolorem accusantium at porro id. Sint omnis omnis nemo veniam.'),
       (15, '2018-08-11 15:26:00', '2018-08-11 15:41:00', 172,
        'Consequatur reprehenderit qui magni pariatur repellendus totam. Nisi qui deserunt asperiores autem. Quis non molestiae perspiciatis ab. Numquam corporis quia explicabo est voluptatum.'),
       (16, '2018-02-11 04:51:00', '2018-02-11 05:06:00', 173,
        'Unde debitis aut dignissimos molestiae. Rem aspernatur illum qui fuga perspiciatis et. Eum officia quod perferendis atque possimus cumque. Repudiandae ad omnis consectetur qui sequi inventore autem.'),
       (17, '2017-11-07 12:38:00', '2017-11-07 12:53:00', 174,
        'Nemo quaerat aut necessitatibus adipisci voluptas quaerat et. Dolores adipisci a perferendis et. Modi similique eius aut cum consectetur. Ad odio consequuntur sed sapiente at numquam eum.'),
       (18, '2017-12-24 13:30:00', '2017-12-24 13:45:00', 175,
        'Animi nobis modi maiores unde eligendi sequi natus. Maiores unde quibusdam ex vel alias cumque. Nobis iure et officia quae quia consectetur voluptatem.'),
       (19, '2018-03-27 19:19:00', '2018-03-27 19:34:00', 176,
        'Alias quod dolorum a non. Id molestiae quis tempore quod eveniet iusto nisi. Quisquam autem sit molestias facilis perspiciatis sint et.'),
       (20, '2018-06-14 10:37:00', '2018-06-14 10:52:00', 177,
        'Ipsam delectus dignissimos et qui omnis et quo. Quia quis ex molestiae ipsum dicta dolor. Eos quidem a quibusdam harum porro mollitia qui.'),
       (21, '2018-09-01 16:36:00', '2018-09-01 16:51:00', 178,
        'Illo quia voluptatem ut ab modi ratione. Laborum vel velit nesciunt voluptate quia vitae suscipit aut. Ipsum quo consequuntur dolorem. Sed tenetur aspernatur nihil ea blanditiis.'),
       (22, '2018-03-21 08:51:00', '2018-03-21 09:06:00', 179,
        'Et est ut reprehenderit consequatur aliquid inventore. Enim sit ut ex cum facere sit. Neque qui sed earum reiciendis est.'),
       (23, '2017-11-04 21:54:00', '2017-11-04 22:09:00', 180,
        'Qui incidunt quia aut ipsum quibusdam. Dolorem dolorum expedita qui blanditiis veritatis. Ratione numquam fugiat ex est eum et.'),
       (24, '2018-06-23 08:27:00', '2018-06-23 08:42:00', 181,
        'Aut nam qui natus et deleniti fuga. Placeat eum quo est error sed nemo et libero. Minus optio ipsa aliquid itaque in. Odit praesentium quibusdam distinctio et praesentium. Ut ipsam qui nemo ut ea.'),
       (25, '2018-07-02 09:18:00', '2018-07-02 09:33:00', 182,
        'Ea eius quasi illum fugiat sit. Illo dignissimos nulla non voluptatem quasi. Eligendi fuga vitae et aliquid. Ex explicabo expedita nostrum aut dolor officia quia.'),
       (26, '2018-08-24 01:57:00', '2018-08-24 02:12:00', 183,
        'Est error id molestiae vel assumenda architecto porro cum. Aliquid fugit assumenda alias. Repellendus atque eum cum.'),
       (27, '2018-02-11 10:32:00', '2018-02-11 10:47:00', 184,
        'Veritatis velit minus quod explicabo. Nihil expedita et nesciunt. Nesciunt nemo delectus sunt temporibus.'),
       (28, '2018-10-04 03:06:00', '2018-10-04 03:21:00', 185,
        'Voluptate mollitia distinctio id. Et nemo aut consectetur adipisci est sed voluptatum accusamus. Et quia rem debitis odit distinctio. Repellat iusto rem et voluptatum minus vero quod.'),
       (29, '2017-11-27 02:27:00', '2017-11-27 02:42:00', 186,
        'Unde ex quia autem tempore. Asperiores velit odio tenetur maiores. Enim dolores unde aut unde. Sit sit et blanditiis est.'),
       (30, '2018-05-24 00:39:00', '2018-05-24 00:54:00', 187,
        'Cumque est enim et illo explicabo id. Itaque suscipit magnam quia et.'),
       (31, '2018-10-14 06:28:00', '2018-10-14 06:43:00', 188,
        'Sint vel magni reiciendis voluptas ut. Asperiores sit et autem dignissimos.'),
       (32, '2018-08-18 15:22:00', '2018-08-18 15:37:00', 189,
        'Possimus ut doloremque voluptas. Eum ducimus repudiandae nihil sapiente ut qui neque. Reprehenderit dicta ut sequi quia exercitationem nemo.'),
       (33, '2018-05-14 20:07:00', '2018-05-14 20:22:00', 190,
        'Vitae et nulla omnis qui. Pariatur odio ut dolorum molestiae. Animi sint est dicta modi ipsam.'),
       (34, '2018-01-17 02:58:00', '2018-01-17 03:13:00', 191,
        'Eos repudiandae accusamus aperiam dolorum. Expedita ad accusamus soluta corrupti. Blanditiis ut at ut quia quam.'),
       (35, '2018-02-21 11:39:00', '2018-02-21 11:54:00', 192,
        'Dolor voluptatibus tempora sed. Ut vel sunt nisi voluptatem illo non et. Libero minima excepturi nihil magni tenetur magnam quo.'),
       (36, '2017-12-29 04:34:00', '2017-12-29 04:49:00', 193,
        'In omnis et magnam aliquam. Assumenda temporibus aut quasi nam consequatur illo optio. Placeat occaecati illum dolorem molestiae. Delectus minus labore consectetur cupiditate.'),
       (37, '2018-01-07 15:50:00', '2018-01-07 16:05:00', 194,
        'Rerum est explicabo veniam ducimus qui. Ipsam provident sapiente laboriosam maxime impedit sint cupiditate esse. In delectus at et dolor.'),
       (38, '2018-03-14 13:01:00', '2018-03-14 13:16:00', 195,
        'Aut ab et molestiae vitae et. Odit adipisci eaque omnis aperiam repellat est. Sit iure aliquid nulla quas est pariatur.'),
       (39, '2017-11-14 00:51:00', '2017-11-14 01:06:00', 196,
        'Sit sed sit sit temporibus. Et numquam rerum molestias dolorem commodi. Iste dolorum deserunt repudiandae voluptas.'),
       (40, '2018-03-14 07:04:00', '2018-03-14 07:19:00', 197,
        'Mollitia corporis dolorum reprehenderit adipisci. In itaque rerum ipsam aut similique. Numquam dolores quod qui deserunt consequatur omnis.'),
       (41, '2018-04-21 19:56:00', '2018-04-21 20:11:00', 198,
        'Et vel corporis laboriosam ea voluptatem eveniet aut ut. Quis facilis rerum dolorum reiciendis illum est a. Tenetur nihil aut iusto non.'),
       (42, '2018-07-07 02:33:00', '2018-07-07 02:48:00', 199,
        'Aut quia ea enim vel illo quis consequatur. Porro sint rem eos commodi. Nostrum repudiandae sunt nobis et delectus voluptas velit id.'),
       (43, '2018-03-13 17:17:00', '2018-03-13 17:32:00', 200,
        'Veritatis vel eos consectetur magni. Unde et dolorem sint reprehenderit. Modi nihil voluptate repudiandae eveniet molestias ut nihil quasi. Eos et fugit corrupti atque. Id amet nam autem odio.'),
       (44, '2018-06-03 11:17:00', '2018-06-03 11:32:00', 201,
        'Vel sit qui rem est sit. Et eos excepturi molestiae suscipit. Quasi architecto nihil quo culpa aut. Sint repudiandae voluptates voluptate possimus reprehenderit asperiores.'),
       (45, '2018-09-04 08:27:00', '2018-09-04 08:42:00', 202,
        'Distinctio velit nesciunt et at quia neque. Iure nihil dolor dolor quisquam sequi ex ut. Quisquam totam quam molestiae eum.'),
       (46, '2018-07-23 12:37:00', '2018-07-23 12:52:00', 203,
        'Quo doloribus consequatur eligendi corrupti. Officiis reiciendis quas molestiae qui. Dignissimos nihil ullam veritatis quam qui facilis assumenda.'),
       (47, '2017-12-14 18:20:00', '2017-12-14 18:35:00', 204,
        'Fuga ratione sed dolor explicabo aliquam iure facilis. Ratione in ab eos temporibus est. Dolor commodi blanditiis harum voluptatem eligendi est atque.'),
       (48, '2018-06-11 09:35:00', '2018-06-11 09:50:00', 205,
        'Atque provident iure praesentium quia. Officiis vel impedit quos illo tempore. Et voluptate modi sunt ab.'),
       (49, '2018-04-13 06:26:00', '2018-04-13 06:41:00', 206,
        'Commodi aut illo et ut ipsam dolor. Minima placeat dicta dolore doloribus odio.'),
       (50, '2018-08-28 16:02:00', '2018-08-28 16:17:00', 207,
        'Ducimus sunt fugiat nisi excepturi nemo illo. Fuga dolores dolorum dolores doloribus voluptatem ab. Error non blanditiis et fugit.'),
       (51, '2017-12-18 05:43:00', '2017-12-18 05:58:00', 208,
        'Laboriosam assumenda omnis reiciendis et sequi. Ex est numquam dolorum nisi porro eligendi error et. Reprehenderit expedita qui velit. Doloribus corporis explicabo quisquam minus quas.'),
       (52, '2018-01-07 08:58:00', '2018-01-07 09:13:00', 209,
        'Quibusdam nostrum ex laborum enim quo et. Rerum ex quia eum eum tempore optio. Officia nihil mollitia quod aut aspernatur quasi dolor.'),
       (53, '2018-01-09 23:43:00', '2018-01-09 23:58:00', 210,
        'Dolores non sit totam culpa dolorem aspernatur praesentium. Est aut atque aperiam eligendi. Nihil tenetur magnam nam quod.'),
       (54, '2018-01-12 19:57:00', '2018-01-12 20:12:00', 211,
        'Pariatur nostrum tenetur dolore sint perspiciatis. Soluta labore qui praesentium in enim incidunt qui id. Debitis quas explicabo odio minima id.'),
       (55, '2018-02-05 03:09:00', '2018-02-05 03:24:00', 212,
        'Veritatis qui nesciunt ipsa illo inventore. Totam officia aperiam non et. Magni temporibus aut suscipit minima non quis.'),
       (56, '2018-04-29 23:29:00', '2018-04-29 23:44:00', 213,
        'Quibusdam sunt et commodi necessitatibus optio architecto. Architecto vel itaque unde corrupti facilis ut provident. Voluptas vel sequi itaque qui sed distinctio aut.'),
       (57, '2018-07-14 01:57:00', '2018-07-14 02:12:00', 214,
        'Odit deserunt eligendi qui qui cumque. Eum molestiae dolores qui earum laudantium qui sed. Harum natus dolores et adipisci sit quasi ipsam.'),
       (58, '2018-07-21 09:20:00', '2018-07-21 09:35:00', 215,
        'Dolor magni sit facilis nihil. Occaecati sapiente voluptate et nemo culpa officiis fuga. Eos harum totam fugit eligendi. Amet quibusdam provident libero id laudantium.'),
       (59, '2018-01-19 13:34:00', '2018-01-19 13:49:00', 216,
        'Dolores placeat sed et porro dicta. Repudiandae qui blanditiis provident illo. Non similique minima officiis ducimus.'),
       (60, '2018-03-06 01:35:00', '2018-03-06 01:50:00', 217,
        'Quos quia aspernatur non dolores et voluptates esse recusandae. Qui est corrupti recusandae assumenda praesentium natus quia. Et nam hic deleniti dolor est optio in laudantium.'),
       (61, '2018-06-17 20:37:00', '2018-06-17 20:52:00', 218,
        'Optio ut aliquam aspernatur. Alias tenetur similique vero itaque in. Quia sed nostrum in. Neque minus iste et dolore.'),
       (62, '2018-01-21 10:31:00', '2018-01-21 10:46:00', 219,
        'Quisquam a vero tempore blanditiis. Iste perspiciatis non sed assumenda. Veritatis eum et ea dolores autem qui eos. Doloribus eum sequi ullam et.'),
       (63, '2018-06-23 17:23:00', '2018-06-23 17:38:00', 220,
        'Cupiditate quibusdam aspernatur cupiditate fugit eaque eum qui a. Nam blanditiis non omnis eum sint. Vel aliquam saepe dolorem illum non.'),
       (64, '2018-10-15 08:29:00', '2018-10-15 08:44:00', 221,
        'Enim quam quae molestiae aliquam ut. Ut suscipit ut ut debitis nostrum quia. Et consectetur quod voluptatum et totam.'),
       (65, '2018-03-18 13:32:00', '2018-03-18 13:47:00', 222,
        'Odio officia voluptate et voluptatem architecto at expedita voluptate. Tenetur quod non et repellat accusantium. Sint dolorem rerum nisi molestiae libero et.'),
       (66, '2018-02-13 22:21:00', '2018-02-13 22:36:00', 223,
        'Numquam et recusandae eveniet ullam earum animi quos. Ratione corporis autem perferendis saepe ducimus. Deserunt labore nam et debitis nam aliquam.'),
       (67, '2018-06-08 21:49:00', '2018-06-08 22:04:00', 224,
        'Quam sit suscipit laboriosam aperiam quos sint et. Repellat itaque perspiciatis aut recusandae rerum molestiae esse aliquid.'),
       (68, '2017-12-14 06:46:00', '2017-12-14 07:01:00', 225,
        'Expedita ipsum tenetur dolor iusto illo reiciendis suscipit illum. Incidunt ut aliquam iste animi perspiciatis.'),
       (69, '2017-10-30 19:39:00', '2017-10-30 19:54:00', 226,
        'Est qui ut dolores iusto vel fugit. Occaecati rerum consequatur est sit. Ipsa molestias delectus doloribus adipisci. Quo qui eos quas praesentium itaque est.'),
       (70, '2018-07-28 20:59:00', '2018-07-28 21:14:00', 227,
        'Ratione eveniet veritatis beatae molestiae. Reiciendis ut neque rerum iure id. Totam animi pariatur aut. Tempore officia sint modi ut sunt voluptatem impedit. Labore quas officiis adipisci quos.'),
       (71, '2018-04-05 01:32:00', '2018-04-05 01:47:00', 228,
        'Ipsa qui quia sit aut. Adipisci non vitae dolores est et. Fugiat deserunt aspernatur quo voluptate eum et ex. Ut voluptatibus cum eveniet beatae et similique explicabo dicta.'),
       (72, '2018-01-13 04:06:00', '2018-01-13 04:21:00', 229,
        'Explicabo aut aliquam praesentium explicabo possimus doloremque. Ducimus ratione at sed. Qui ducimus id laborum maxime aliquid tempore. Ipsum quod fugit iste laudantium odio aliquid.'),
       (73, '2018-06-05 18:25:00', '2018-06-05 18:40:00', 230,
        'Nulla repellendus quidem et aut voluptate corrupti dignissimos. Et assumenda maiores odit alias maxime officiis cupiditate quo. Aperiam non sint eveniet sapiente est.'),
       (74, '2018-05-10 02:28:00', '2018-05-10 02:43:00', 231,
        'Iure error praesentium id consequatur. Quos qui optio perspiciatis similique. Temporibus facilis laudantium voluptatem. Sint sunt eum rerum blanditiis maiores.'),
       (75, '2018-05-22 16:36:00', '2018-05-22 16:51:00', 232,
        'Possimus omnis est officia ipsam quia saepe tempora est. Laboriosam dolorum nihil beatae voluptas. Molestias blanditiis doloribus facere esse tenetur ut quis rerum.'),
       (76, '2017-11-19 21:03:00', '2017-11-19 21:18:00', 233,
        'Ea eius eius in et nulla nisi. Eum explicabo totam id veritatis accusantium. Praesentium aut dicta quisquam nam culpa eos ullam. Illo aliquam ab debitis.'),
       (77, '2018-01-06 08:53:00', '2018-01-06 09:08:00', 234,
        'Similique quibusdam quo earum sapiente libero omnis. Tenetur similique animi hic corrupti laboriosam sint.'),
       (78, '2017-10-31 23:43:00', '2017-10-31 23:58:00', 235,
        'Ad odit impedit dolores vitae. Quisquam quia est quod veritatis. Cum assumenda non consequatur doloribus dolorem ut odio alias.'),
       (79, '2018-05-09 02:40:00', '2018-05-09 02:55:00', 236,
        'Cum sed est molestiae delectus molestiae et. Ut et animi quae illo eveniet. Aliquid quisquam sequi adipisci dolores. Modi laborum ut dignissimos optio autem fugit.'),
       (80, '2018-06-15 11:17:00', '2018-06-15 11:32:00', 237,
        'Temporibus officiis est pariatur. Fugit quaerat dolorem ipsa labore tenetur ea aut. Ullam magnam nostrum velit a quisquam excepturi aperiam.'),
       (81, '2018-08-28 19:42:00', '2018-08-28 19:57:00', 238,
        'Reprehenderit asperiores molestiae et qui ut aut ab. Optio quaerat ratione deleniti voluptas natus corrupti fugit. Officiis ipsum eveniet blanditiis ut.'),
       (82, '2018-04-16 16:49:00', '2018-04-16 17:04:00', 239,
        'In quia autem ut quo. Vero fuga ab quos velit. Aut non nulla non et nobis omnis facere laborum.'),
       (83, '2018-01-17 22:23:00', '2018-01-17 22:38:00', 240,
        'Assumenda unde non consequuntur iusto dignissimos amet. Temporibus ad fugiat ipsa quis aut. Repellendus doloremque possimus fugiat dignissimos.'),
       (84, '2017-11-15 14:30:00', '2017-11-15 14:45:00', 241,
        'Libero assumenda porro a est. Consequuntur autem aliquid temporibus enim.'),
       (85, '2017-12-11 10:16:00', '2017-12-11 10:31:00', 242,
        'Blanditiis consectetur alias dolorum minima est magnam. Eum minima ipsam voluptates explicabo. Quia nesciunt a omnis voluptatem perferendis. Sint ullam eius repellat tenetur delectus vel.'),
       (86, '2018-09-24 21:53:00', '2018-09-24 22:08:00', 243,
        'A praesentium in adipisci ipsum aut. Praesentium earum eum nemo vel qui. Officia ea ex ut vitae perferendis. Velit voluptas itaque velit nihil molestiae molestiae molestiae quasi.'),
       (87, '2017-11-01 23:32:00', '2017-11-01 23:47:00', 244,
        'Dolores et officia iste quas quaerat asperiores. Earum aliquid nesciunt tempora delectus.'),
       (88, '2018-07-01 04:34:00', '2018-07-01 04:49:00', 245,
        'Cupiditate ea deserunt sit et. Eum est eligendi sequi. Iure alias voluptatem eos animi sit est architecto. Ut velit eum autem.'),
       (89, '2017-11-22 13:18:00', '2017-11-22 13:33:00', 246,
        'Officia quia earum quam consequuntur facere ea incidunt ab. Et doloremque ratione est et. Minus corrupti id reprehenderit eos. Eaque qui eaque exercitationem magnam repudiandae quasi qui culpa.'),
       (90, '2018-06-29 17:05:00', '2018-06-29 17:20:00', 247,
        'Odit temporibus tempore quia aut corrupti eum temporibus. Et qui nam magnam voluptates. Sit facere est non rerum voluptate et. Animi exercitationem recusandae laboriosam hic est quo.'),
       (91, '2018-08-30 15:31:00', '2018-08-30 15:46:00', 248,
        'Tempora et officiis officia omnis. Harum excepturi non voluptate inventore eaque illo. Voluptas assumenda rerum incidunt adipisci. Voluptatum excepturi cum eveniet. Quis vero ut cumque a.'),
       (92, '2018-02-17 06:45:00', '2018-02-17 07:00:00', 249,
        'Adipisci suscipit atque incidunt omnis quibusdam aspernatur omnis. Vitae et dolores odio et officia autem. Et fugiat animi accusamus odio debitis doloremque hic.'),
       (93, '2018-04-06 17:54:00', '2018-04-06 18:09:00', 250,
        'Dignissimos ipsum nisi adipisci laborum nihil qui eius quisquam. Eum repellat fugiat aperiam. In sed numquam eum qui eaque enim.'),
       (94, '2018-07-04 23:48:00', '2018-07-05 00:03:00', 251,
        'Id itaque ut sed in quae culpa ratione hic. Voluptatem rem unde non enim qui deserunt. Fugiat error aut ratione aliquam esse dolorum.'),
       (95, '2018-09-22 21:48:00', '2018-09-22 22:03:00', 252,
        'Impedit fugit dolorem non. Cumque est molestias qui voluptatibus velit dolores dolore ut. Culpa dolor rerum eligendi sint necessitatibus sequi.'),
       (96, '2018-01-02 18:32:00', '2018-01-02 18:47:00', 253,
        'Explicabo iure et commodi eum est. Eos nisi excepturi eos laudantium vel. Quia recusandae delectus et exercitationem odio repudiandae totam. Alias nihil tempore modi omnis libero labore.'),
       (97, '2018-03-12 20:54:00', '2018-03-12 21:09:00', 254,
        'Voluptas ad reprehenderit quasi alias voluptate rem. Ipsam saepe et sit. Voluptatem accusantium adipisci molestiae eos.'),
       (98, '2018-10-05 04:11:00', '2018-10-05 04:26:00', 255,
        'Sit qui dicta natus porro ducimus hic et. Omnis officia qui rerum qui dolorem. Maiores sed est error ipsam sed ut omnis. Amet harum est alias assumenda occaecati dicta.'),
       (99, '2018-09-19 01:21:00', '2018-09-19 01:36:00', 256,
        'Quo voluptatem recusandae distinctio deserunt. Necessitatibus explicabo debitis unde doloremque. Sed nihil fugiat similique voluptatibus et et porro. Est pariatur et modi sequi unde.'),
       (100, '2018-06-07 00:58:00', '2018-06-07 01:13:00', 257,
        'Culpa earum omnis inventore. Adipisci nemo voluptatem ut dolorem odit voluptatem rerum. Et qui sequi ab nesciunt quibusdam.');
